<?xml version="1.0"?>
<?xml-stylesheet type="text/xsl" href="configuration.xsl"?>

<!-- Used with com.marklogic.mapreduce.examples.LinkCountCooccurrences.class -->

<configuration>
    <property>
        <name>mapreduce.marklogic.input.username</name>
        <value>username</value>
    </property>
    <property>
        <name>mapreduce.marklogic.input.password</name>
        <value>password</value>
    </property>
    <property>
        <name>mapreduce.marklogic.input.host</name>
        <value>hostname</value>
    </property>
    <property>
        <name>mapreduce.marklogic.input.port</name>
        <value>port</value>
    </property>
    <property>
        <name>mapreduce.marklogic.input.namespace</name>
        <value>wp,http://www.mediawiki.org/xml/export-0.4/</value>
    </property>
    <property>
        <name>mapreduce.marklogic.input.maxsplitsize</name>
        <value>1000</value>
    </property>
</configuration>
