<?xml version="1.0"?>
<?xml-stylesheet type="text/xsl" href="configuration.xsl"?>

<!-- Used with com.marklogic.mapreduce.examples.HelloWorld.class -->

<configuration>
    <property>
        <name>mapreduce.marklogic.input.username</name>
        <value>username</value>
    </property>
    <property>
        <name>mapreduce.marklogic.input.password</name>
        <value>password</value>
    </property>
    <property>
        <name>mapreduce.marklogic.input.host</name>
        <value>hostname</value>
    </property>
    <property>
        <name>mapreduce.marklogic.input.port</name>
        <value>port</value>
    </property>
    <property>
    	<name>mapreduce.marklogic.input.mode</name>
    	<value>basic</value>
    </property>
    <property>
        <name>mapreduce.marklogic.input.valueclass</name>
        <value>com.marklogic.mapreduce.MarkLogicNode</value>
    </property>
    <property>
        <name>mapreduce.marklogic.output.username</name>
        <value>username</value>
    </property>
    <property>
        <name>mapreduce.marklogic.output.password</name>
        <value>password</value>
    </property>
    <property>
        <name>mapreduce.marklogic.output.host</name>
        <value>hostname</value>
    </property>
    <property>
        <name>mapreduce.marklogic.output.port</name>
        <value>port</value>
    </property>
    <property>
        <name>mapreduce.marklogic.output.content.type</name>
        <value>TEXT</value>
    </property>
</configuration>
