<?xml version="1.0"?>
<?xml-stylesheet type="text/xsl" href="configuration.xsl"?>

<!-- Used with com.marklogic.mapreduce.examples.LinkCount.class -->

<configuration>
    <property>
        <name>mapreduce.marklogic.input.username</name>
        <value>username</value>
    </property>
    <property>
        <name>mapreduce.marklogic.input.password</name>
        <value>password</value>
    </property>
    <property>
        <name>mapreduce.marklogic.input.host</name>
        <value>hostname</value>
    </property>
    <property>
        <name>mapreduce.marklogic.input.port</name>
        <value>port</value>
    </property>
    <property>
        <name>mapreduce.marklogic.input.query</name>
        <value><![CDATA[
        xquery version "1.0-ml"; 
        declare namespace wp="http://www.mediawiki.org/xml/export-0.4/";
        //wp:a[@title and @href and not (fn:starts-with(@href, "#") or fn:starts-with(@href, "http://") or fn:starts-with(@href, "File:") or fn:starts-with(@href, "Image:"))]/@title
            ]]></value>
    </property>
    <property>
        <name>mapreduce.marklogic.input.splitquery</name>
        <value><![CDATA[
        declare namespace wp="http://www.mediawiki.org/xml/export-0.4/";
        import module namespace hadoop = "http://marklogic.com/xdmp/hadoop" at "/MarkLogic/hadoop.xqy"; 
        hadoop:get-splits('', 'fn:doc()', 'cts:and-query(())')]]></value>
    </property>
    <property>
        <name>mapreduce.marklogic.input.mode</name>
        <value>advanced</value>
    </property>
    <property>
        <name>mapreduce.marklogic.input.maxsplitsize</name>
        <value>1000</value>
    </property>
</configuration>
