<?xml version="1.0"?>
<?xml-stylesheet type="text/xsl" href="configuration.xsl"?>

<!-- Used with com.marklogic.mapreduce.examples.LinkCountValue.class -->

<configuration>
    <property>
        <name>mapreduce.marklogic.input.username</name>
        <value>username</value>
    </property>
    <property>
        <name>mapreduce.marklogic.input.password</name>
        <value>password</value>
    </property>
    <property>
        <name>mapreduce.marklogic.input.host</name>
        <value>hostname</value>
    </property>
    <property>
        <name>mapreduce.marklogic.input.port</name>
        <value>port</value>
    </property>
    <property>
        <name>mapreduce.marklogic.input.subdocumentexpr</name>
        <value>//wp:a[@title and @href and not (fn:starts-with(@href, "#") or fn:starts-with(@href, "http://") or fn:starts-with(@href, "File:") or fn:starts-with(@href, "Image:"))]/@title</value>
    </property>
    <property>
        <name>mapreduce.marklogic.input.namespace</name>
        <value>wp,http://www.mediawiki.org/xml/export-0.4/</value>
    </property>
</configuration>
